,player_name,player_total_points,player_raids_total,player_raid_points_touch,player_raid_points_raid_bonus,player_tackle_points_total,player_tackle_points_touch,player_raids_successful,player_raids_unsuccessful,player_raids_Empty
0,A Arul,0,0,0,0,0,0,0,0,0
1,Aakash Dattu Arsul,0,0,0,0,0,0,0,0,0
2,Aashish Nagar,1,0,0,0,1,1,0,0,0
3,Abdul Shaikh,8,14,7,1,0,0,6,2,6
4,Abhilasha Mhatre,18,50,9,1,8,7,9,11,30
5,Abhinandan Chandel,0,0,0,0,0,0,0,0,0
6,Abhinandan Kumar,0,0,0,0,0,0,0,0,0
7,Abhinandhan Kumar,12,14,8,1,3,2,7,4,3
8,Abhishek CR,0,0,0,0,0,0,0,0,0
9,Abhishek N,0,2,0,0,0,0,0,1,1
10,Abhishek Singh,130,293,112,11,7,7,106,55,132
11,Abid Hussain,4,15,4,0,0,0,3,4,8
12,Abolfazel Maghsodlo,25,39,19,6,0,0,18,15,6
13,Abolfazl Maghsodlou,97,230,71,20,6,5,80,47,103
14,Abolfazl Maghsodloumahali,31,92,24,5,2,2,23,27,42
15,Abolfazl Maghsoudlou,18,30,11,6,1,1,13,5,12
16,Abozar Mighani,89,18,3,4,82,80,5,2,11
17,Abozar Mohajermighani,93,32,0,1,92,80,0,2,30
18,Abul Kalam Azad,8,10,7,0,1,1,6,0,4
19,Adam Schneider,23,54,15,6,2,1,20,17,17
20,Adarsh T,15,1,2,0,13,10,1,0,0
21,Adinath Gavali,1,0,0,0,1,1,0,0,0
22,Afshin Jafari,12,9,6,1,5,5,5,3,1
23,Agustina Siregar,0,0,0,0,0,0,0,0,0
24,Ajay,6,0,0,0,6,6,0,0,0
25,Ajay Kumar,185,463,148,36,1,1,145,103,215
26,Ajay Narwal,0,0,0,0,0,0,0,0,0
27,Ajay Singh,1,0,0,0,1,1,0,0,0
28,Ajay Thakur,999,1857,763,150,86,86,761,397,696
29,Ajeet,14,0,0,0,14,13,0,0,0
30,Ajinkya Kapre,1,5,0,1,0,0,1,2,2
31,Ajinkya Pawar,94,223,79,11,4,3,74,65,84
32,Ajit Singh,32,76,19,13,0,0,24,15,37
33,Ajvender Singh,1,1,0,0,1,1,0,0,1
34,Akash Choudhary,0,0,0,0,0,0,0,0,0
35,Akash Pawar,0,0,0,0,0,0,0,0,0
36,Akash Sood,0,0,0,0,0,0,0,0,0
37,Akhil Ashokan,0,0,0,0,0,0,0,0,0
38,Akhlaq Hussain,7,1,0,0,7,6,0,0,1
39,Akshay Bodake,1,0,0,0,1,1,0,0,0
40,Akshay Jadhav,62,147,24,13,25,22,35,35,77
41,Aman,1,0,0,0,1,1,0,0,0
42,Aman Kadian,2,7,1,1,0,0,1,3,3
43,Aman Kumar,2,0,0,0,2,2,0,0,0
44,Amandeep Kaur,0,0,0,0,0,0,0,0,0
45,Amaresh Mondal,0,0,0,0,0,0,0,0,0
46,Amarjeeth Singh,24,22,17,3,4,2,16,2,4
47,Ameares Mondal,0,3,0,0,0,0,0,1,2
48,Amin Nosrati,8,24,2,5,1,1,6,7,11
49,Amir Dhumal,0,0,0,0,0,0,0,0,0
50,Amirhossein Maleki,9,20,6,3,0,0,6,9,5
51,Amit,28,14,2,0,26,22,1,0,13
52,Amit Chhillar,12,1,0,0,12,11,0,0,1
53,Amit Hooda,232,53,5,4,223,205,4,10,39
54,Amit Kharb,0,0,0,0,0,0,0,0,0
55,Amit Kumar,111,234,42,17,52,48,40,65,129
56,Amit Kumar Arya,15,18,9,4,2,2,9,3,6
57,Amit Nagar,23,42,15,2,6,6,16,11,15
58,Amit Rathi,52,110,37,9,6,4,33,27,50
59,Amit Sheoran,70,1,0,0,70,65,0,1,0
60,Amit Singh,0,0,0,0,0,0,0,0,0
61,Amit Singh Chhillar,16,5,1,0,15,15,1,1,3
62,Amit Singh Chillar,5,0,0,0,5,5,0,0,0
63,Anand,14,28,13,1,0,0,10,8,10
64,Anand Patil,47,157,35,12,0,0,34,48,75
65,Anand Surendra Tomar,9,20,3,5,1,1,7,8,5
66,Anand V,3,15,1,2,0,0,3,5,7
67,Anil,0,6,0,0,0,0,0,1,5
68,Anil Kashinath Patil,9,21,4,5,0,0,7,6,8
69,Anil Kumar,101,47,2,3,96,87,3,7,37
70,Anil Shriram Nimbolkar,19,38,12,3,4,2,9,13,16
71,Anil Singh,0,0,0,0,0,0,0,0,0
72,Aniwat Phakphian,4,3,3,0,1,1,3,0,0
73,Anju Devi,0,1,0,0,0,0,0,1,0
74,Ankit,18,8,0,0,18,16,1,0,7
75,Ankit Bazzad,1,3,1,0,0,0,1,2,0
76,Ankit Beniwal,7,16,4,2,1,1,4,8,4
77,Ankit Malik,0,0,0,0,0,0,0,0,0
78,Ankit Sangwan,0,0,0,0,0,0,0,0,0
79,Ankush,6,5,4,1,1,1,4,1,0
80,Anoop E.V.,2,0,0,0,2,2,0,0,0
81,Anuj Kumar,6,5,1,0,5,4,1,0,4
82,Anup Kumar,667,1427,413,147,107,101,450,211,765
83,Arbinda Khuntia,1,1,0,0,1,1,0,1,0
84,Arif Sayyad,0,0,0,0,0,0,0,0,0
85,Arjun Deshwal,75,144,63,10,2,2,57,34,53
86,Arkam Shaikh,0,0,0,0,0,0,0,0,0
87,Armaan,24,55,16,6,2,1,17,21,17
88,Aruduzzaman Munshi,52,70,35,17,0,0,46,6,18
89,Arumugam,22,32,21,1,0,0,18,7,7
90,Arun Kumar HN,3,9,1,2,0,0,2,6,1
91,Arvind Baliyan,0,0,0,0,0,0,0,0,0
92,Arvind Kumar,1,0,0,0,1,1,0,0,0
93,Ashish,5,16,3,2,0,0,3,8,5
94,Ashish Chhokar,25,65,16,5,4,4,13,18,34
95,Ashish Kumar,124,166,21,17,86,73,34,31,101
96,Ashish Sangwan,32,19,2,5,25,25,5,3,11
97,Ashu Singh,24,0,0,0,24,24,0,0,0
98,Athul M S,8,14,8,0,0,0,6,6,2
99,Athul MS,90,191,59,30,1,1,71,71,49
100,Atif Waheed,0,0,0,0,0,0,0,0,0
101,Avnish Kumar,0,5,0,0,0,0,0,2,3
102,Azad Singh,28,71,16,10,2,2,19,22,30
103,Azadeh Saidisiahbidi,5,6,4,0,1,1,2,1,3
104,Babu M,2,0,0,0,2,2,0,0,0
105,Bajirao Hodage,84,5,0,0,84,81,0,0,5
106,Bajrang,0,0,0,0,0,0,0,0,0
107,Balbir Singh,15,25,7,3,5,5,7,8,10
108,Baldev Singh,70,6,0,1,69,61,0,2,4
109,Balram,2,2,2,0,0,0,1,0,1
110,Banty,11,28,8,1,2,2,7,10,11
111,Bassy Rudy Jonathan,0,0,0,0,0,0,0,0,0
112,Ben Marcelus,11,23,7,2,2,2,8,7,8
113,Benjamin Nugent,6,8,0,1,5,5,0,4,4
114,Bhabesh Kumar,0,0,0,0,0,0,0,0,0
115,Bhanu Tomar,9,22,7,2,0,0,6,11,5
116,Bharth CM,0,0,0,0,0,0,0,0,0
117,Bhavani Rajput,3,10,0,3,0,0,2,4,4
118,Bhawna Yadav,3,4,3,0,0,0,2,2,0
119,Bhupender Singh,83,212,49,22,12,11,48,51,113
120,Bhuvneshwar Gaur,6,7,3,3,0,0,3,4,0
121,Bismarck Charles,15,40,3,7,5,4,8,14,18
122,Bobby,0,0,0,0,0,0,0,0,0
123,Bonab Were,0,2,0,0,0,0,1,0,1
124,C H Manoj Kumar,9,16,5,4,0,0,9,5,2
125,C Kalai Arasan,0,0,0,0,0,0,0,0,0
126,C Manoj Kumar,14,21,9,1,4,4,7,9,5
127,C. Arun,108,33,2,2,104,89,3,3,27
128,C. Karnan,0,0,0,0,0,0,0,0,0
129,Campbell Brown,19,40,13,6,0,0,15,16,9
130,Chamara Ranidu,0,0,0,0,0,0,0,0,0
131,Chaminda R. S. M.,3,4,1,0,2,1,1,1,2
132,Chan Sik Park,20,14,9,1,10,9,9,1,4
133,Chand Singh,5,1,1,0,4,3,1,0,0
134,Chandran Ranjit,296,633,204,75,17,15,236,155,242
135,Chanwit Wichian,24,29,16,8,0,0,16,7,6
136,Cheol Gyu Shin,30,35,22,7,1,1,21,7,7
137,Chethan S,0,0,0,0,0,0,0,0,0
138,Chiaowen Yen,3,0,0,0,3,2,0,0,0
139,Chiranjeevi,0,0,0,0,0,0,0,0,0
140,Chrispine Oketch,20,22,12,0,8,6,10,6,6
141,D. Gopu,31,12,4,0,27,23,4,4,4
142,D. Pradap,51,66,11,7,33,31,11,12,43
143,D. Suresh Kumar,75,1,0,0,75,67,0,1,0
144,Dadaso Balaso Awad,19,30,5,0,14,12,4,8,18
145,Dalbir,0,3,0,0,0,0,0,1,2
146,Dalbir Malik,0,0,0,0,0,0,0,0,0
147,Damian Szostek,2,0,0,0,2,2,0,0,0
148,Darshan,2,1,0,0,2,2,0,1,0
149,Darshan J.,48,5,0,2,46,45,0,3,2
150,Darshan Kadian,92,224,75,9,8,5,66,57,101
151,David Mosambayi,64,126,41,11,12,10,43,29,54
152,David Ritchey,1,2,0,1,0,0,0,2,0
153,Deeljeet Chauhan,23,49,17,5,1,1,18,14,17
154,Deepak,0,0,0,0,0,0,0,0,0
155,Deepak Dhull,13,2,0,1,12,11,0,2,0
156,Deepak Hooda,526,964,394,89,43,39,390,188,386
157,Deepak K. Dahiya,6,18,4,2,0,0,3,4,11
158,Deepak Kumar,33,47,9,0,24,21,7,12,28
159,Deepak Kumar Dahiya,195,486,155,20,20,19,140,115,230
160,Deepak Narwal,306,701,195,98,13,12,239,181,281
161,Deepak Nivas Hudda,96,153,50,10,36,32,54,27,72
162,Deepak Niwas Hooda,328,575,250,34,44,44,244,94,237
163,Deepak Sharma,0,0,0,0,0,0,0,0,0
164,Deepak Yadav,8,2,0,0,8,7,0,1,1
165,Deepika,0,3,0,0,0,0,0,0,3
166,Deepika Henry Joseph,3,3,0,0,3,3,0,1,2
167,Deepika Joseph,10,5,0,0,10,10,0,0,5
168,Denmar McKie,4,5,0,2,2,1,0,5,0
169,Devendra Kadam,1,1,0,0,1,1,0,0,1
170,Devika Chauhan,0,0,0,0,0,0,0,0,0
171,Devin Anderson,2,10,0,1,1,1,1,9,0
172,Dhanraj B,15,1,1,0,14,12,1,0,0
173,Dharmaraj Cheralathan,264,176,28,14,222,203,29,10,137
174,Dharmender,5,6,5,0,0,0,2,4,0
175,Dharmendra Singh,0,0,0,0,0,0,0,0,0
176,Dillyon Banks,23,36,16,3,4,4,11,13,12
177,Dinesh Kumar,19,93,16,3,0,0,17,28,48
178,Dominick Lo Presti,1,3,0,0,1,1,0,2,1
179,Dong Geon Lee,97,220,67,29,1,1,76,65,79
180,Dong Gyu Kim,39,50,33,4,2,2,27,15,8
181,Dong Ju Hong,32,69,21,5,6,6,22,11,36
182,Dovlet Boshimov,6,5,4,0,2,2,3,1,1
183,E Subash,4,0,0,0,4,3,0,0,0
184,Ehsan Zamani Fard,8,22,3,1,4,4,3,11,8
185,Elangeshwaran R,16,23,8,4,4,2,7,7,9
186,Elavarasan A,4,0,0,0,4,3,0,0,0
187,Elphas Otieno,8,2,0,1,7,5,1,1,0
188,Emad Sedaghatnia,17,22,15,2,0,0,12,4,6
189,Embuga George,0,0,0,0,0,0,0,0,0
190,Erick Oduor,0,0,0,0,0,0,0,0,0
191,Esau Otieno,10,6,1,0,9,6,1,2,3
192,Esmaeil Nabibakhsh,116,216,80,5,31,28,67,44,105
193,Etsuki Manita,15,28,4,6,5,4,7,5,16
194,Eugenio Petermann,27,44,20,6,1,1,17,13,14
195,Facundo Jios,3,4,3,0,0,0,1,3,0
196,Farhad Kamal Gharibi,0,0,0,0,0,0,0,0,0
197,Farhad Milaghardan,134,149,41,11,82,78,41,31,77
198,Farideh Zarif Doost,3,0,0,0,3,3,0,0,0
199,Fatemeh Karami Khatounban,0,0,0,0,0,0,0,0,0
200,Fazel Atrachali,323,67,10,2,311,292,10,7,50
201,Febriantari Kadek Surya,0,0,0,0,0,0,0,0,0
202,Federico Gramajo,13,35,10,3,0,0,10,12,13
203,Felix Odhiambo Opana,0,1,0,0,0,0,0,1,0
204,Ferdous Sheikh,17,1,3,0,14,14,1,0,0
205,Filip Sesay,9,10,6,0,3,3,4,6,0
206,Filip Szczeski,10,1,1,0,9,9,1,0,0
207,Franco Castro,33,50,22,6,5,4,21,17,12
208,G Ambeswaran,3,0,0,0,3,3,0,0,0
209,G. S. Manikandan,10,1,0,0,10,9,0,1,0
210,G.S. Manikandan,1,0,0,0,1,1,0,0,0
211,Gabriel Sacchi,3,1,0,0,3,2,0,1,0
212,Gangadhari Mallesh,41,69,18,2,21,17,15,16,38
213,Garry Dami,0,0,0,0,0,0,0,0,0
214,Gaurav Kumar,2,10,2,0,0,0,2,5,3
215,Gayatri,6,1,0,1,5,3,0,1,0
216,Ghazal Khalaj,10,14,5,3,2,2,8,1,5
217,Gholamabbas Korouki,19,50,18,1,0,0,19,8,23
218,Girish Ernak,25,14,0,1,24,24,0,1,13
219,Girish Maruti Ernak,241,54,3,5,233,220,3,4,47
220,Gnanasekaran M,7,14,3,2,2,1,3,5,6
221,Gokul Krishnan,4,3,3,0,1,1,2,0,1
222,Gokul Shitole,0,0,0,0,0,0,0,0,0
223,Gopal,0,0,0,0,0,0,0,0,0
224,Gopalappa Thimarayappa,0,1,0,0,0,0,0,1,0
225,Gulveer Singh,3,8,2,1,0,0,1,7,0
226,Guman Singh,0,1,0,0,0,0,0,0,1
227,Gunawardane Nishantha,0,0,0,0,0,0,0,0,0
228,Gurchet Singh,3,7,1,0,2,2,1,4,2
229,Gurdeep,0,0,0,0,0,0,0,0,0
230,Gurmeet Singh,1,1,1,0,0,0,1,0,0
231,Gurpreet Singh,4,3,1,1,2,2,1,1,1
232,Gurvinder Singh,108,225,57,25,26,26,59,56,109
233,Gyung Tae Kim,30,30,12,2,16,14,14,5,11
234,Hadi Oshtorak,110,46,8,4,98,84,7,8,31
235,Hadi Tajik,31,23,4,2,25,23,4,11,8
236,Hamid Nader,9,8,2,0,7,7,2,2,4
237,Hardeep Chhillar,14,29,9,1,4,4,10,8,11
238,Hardeep Duhan,1,0,0,0,1,1,0,0,0
239,Harendra Kumar,13,0,0,0,13,12,0,0,0
240,Haresh Jalmi,0,0,0,0,0,0,0,0,0
241,Harish Naik,45,82,30,15,0,0,35,26,21
242,Harmanjit Singh,4,10,4,0,0,0,5,2,3
243,Harsh Vardhan,0,0,0,0,0,0,0,0,0
244,Harvinder Singh,7,2,0,0,7,6,0,1,1
245,Harwinder Singh,5,0,0,0,5,5,0,0,0
246,Hemant Chauhan,0,0,0,0,0,0,0,0,0
247,Himanshu,0,0,0,0,0,0,0,0,0
248,Hitesh Patel,0,0,0,0,0,0,0,0,0
249,Hsiuchen Feng,2,8,2,0,0,0,2,1,5
250,Humphery Lihanda,0,3,0,0,0,0,0,2,1
251,Hwangi A. H. N.,0,0,0,0,0,0,0,0,0
252,Hyunil Park,25,44,17,6,2,2,18,9,17
253,I Ketut Ariana,0,0,0,0,0,0,0,0,0
254,Ibrar Hussain,9,18,2,2,5,5,4,4,10
255,Ilayaraja s,29,56,17,9,3,3,21,14,21
256,Imin Lin,5,11,1,3,1,1,3,1,7
257,Inderpal Bishnoi,1,3,1,0,0,0,1,2,0
258,Indrakumara Sajith,0,1,0,0,0,0,0,0,1
259,Irfan Khan,0,0,0,0,0,0,0,0,0
260,Isaac Ikigu,21,46,16,2,3,2,13,10,23
261,Isac Antony,15,28,11,0,4,4,10,8,10
262,Ishu Sharma,0,0,0,0,0,0,0,0,0
263,Ivan Molina,1,5,1,0,0,0,2,3,0
264,Jaber Hemati Chonehkhan,0,0,0,0,0,0,0,0,0
265,Jadhav Balasaheb Shahaji,16,0,0,0,16,13,0,0,0
266,Jadhav Shahaji,5,0,0,0,5,5,0,0,0
267,Jae Cheol Lee,10,18,8,2,0,0,8,5,5
268,Jae Min Lee,26,24,13,4,9,8,10,11,3
269,Jae Pil Jo,6,0,0,0,6,6,0,0,0
270,Jagdeep Narwal,3,10,3,0,0,0,2,3,5
271,Jagdeesha K.K.,5,0,0,0,5,5,0,0,0
272,Jahangir Alam,10,11,7,3,0,0,7,2,2
273,Jaideep,180,13,0,0,180,170,0,1,12
274,Jakub Kloskowski,16,13,7,5,4,3,7,6,0
275,Jakub Szymczyna,0,6,0,0,0,0,0,4,2
276,James Kamweti,7,23,5,2,0,0,3,9,11
277,James Obilo,28,6,1,0,27,23,1,1,4
278,Jamil Harvey,0,3,0,0,0,0,0,3,0
279,Jan Baranowicz,26,43,22,3,1,1,19,15,9
280,Jang Kun Lee,559,1116,377,130,52,49,418,239,459
281,Jantajam Peeradach,2,1,0,0,2,1,0,1,0
282,Janusz Spiczko,0,2,0,0,0,0,0,2,0
283,Janwit Diskanan,0,0,0,0,0,0,0,0,0
284,Jaskirat Singh,0,0,0,0,0,0,0,0,0
285,Jasmer Gulia,4,0,0,0,4,4,0,0,0
286,Jasmer Singh,2,3,0,0,2,2,0,1,2
287,Jasmer Singh Gulia,77,29,2,6,69,64,8,6,15
288,Jasvir Singh,467,1035,324,57,86,80,311,217,505
289,Javier Camera,1,2,0,0,1,1,0,1,1
290,Jawahar,29,8,1,2,26,23,1,4,3
291,Jawahar Dagar,35,23,4,2,29,26,3,5,15
292,Jawahar Vivek,0,0,0,0,0,0,0,0,0
293,Jawahar Vivek K,0,0,0,0,0,0,0,0,0
294,Jay Bahadur Bohara,2,1,2,0,0,0,1,0,0
295,Jay Depala,1,0,0,0,1,1,0,0,0
296,Jeeva Gopal,18,2,0,0,18,16,0,2,0
297,Jeeva Kumar,210,7,4,1,205,183,3,1,3
298,Jishnu,1,0,0,0,1,1,0,0,0
299,Jitendra Yadav,7,2,0,0,7,6,0,0,2
300,Jitesh Joshi,77,125,43,10,24,24,43,27,55
301,Joginder Narwal,165,5,3,1,161,151,3,0,2
302,John Muremwa,13,30,8,3,2,2,8,9,13
303,Jorge Barraza,0,3,0,0,0,0,0,3,0
304,Joseph,0,0,0,0,0,0,0,0,0
305,Joshua Enson,4,4,0,0,4,4,0,3,1
306,Julian Perez,0,4,0,0,0,0,0,4,0
307,Julius Nyaduwa,4,6,1,3,0,0,3,1,2
308,Jyoti,10,34,9,0,1,1,7,18,9
309,K Naveen,21,21,15,5,1,1,15,2,4
310,K Prapanjan,7,14,4,1,2,2,3,4,7
311,K. Jayaseelan,0,3,0,0,0,0,0,1,2
312,K. Prapanjan,353,783,284,64,5,5,283,180,320
313,Kalimuthu Balamahendran,30,54,15,3,12,12,10,11,32
314,Kamal Kishor,0,9,0,0,0,0,0,8,1
315,Kamal Kishor Jat,0,0,0,0,0,0,0,0,0
316,Kamal Singh,17,42,6,7,4,3,7,10,25
317,Karambir Thakur,6,13,5,1,0,0,4,6,3
318,KarmbirÃ‚Â Kheda,7,13,4,1,2,2,6,5,2
319,Karunanadhi,3,5,3,0,0,0,3,1,1
320,Kashif Razzaq,7,1,1,0,6,5,1,0,0
321,Kashiling Adake,647,1203,414,148,85,79,431,270,501
322,Kavita Thakur,15,24,10,0,5,5,7,9,8
323,Kazem Naseri,9,12,7,0,2,2,6,4,2
324,Kazuhiro Takano,32,59,16,9,7,6,20,7,32
325,Kedar Lal,13,43,9,3,1,1,7,11,25
326,Keshav Gupta,33,72,28,5,0,0,25,17,30
327,Kevin Caldwell,11,14,1,1,9,7,2,6,6
328,Kevin Wire,3,3,3,0,0,0,2,1,0
329,Khomsan Thongkham,61,94,40,17,4,4,49,17,28
330,Khunakon Chanjaroen,36,39,24,1,11,11,22,7,10
331,Khushbu Narwal,11,19,1,0,10,10,1,0,18
332,Kiran A,0,1,0,0,0,0,0,0,1
333,Kiran M,0,0,0,0,0,0,0,0,0
334,Kiran Parmar,14,17,10,4,0,0,12,2,3
335,Kishori Shinde,16,0,0,0,16,15,0,0,0
336,Kittichai Kanket,8,9,2,1,5,5,1,3,5
337,Komang Ariningsih,0,0,0,0,0,0,0,0,0
338,Krushna Madane,15,12,1,0,14,14,1,2,9
339,Krzysztof Tomczak,5,1,1,0,4,4,1,0,0
340,Krzysztof Wozniak,13,15,11,2,0,0,11,2,2
341,Kshiteeja Hirve,3,0,0,0,3,3,0,0,0
342,Kuldeep,2,3,0,0,2,2,0,2,1
343,Kuldeep Punia,4,1,0,1,3,3,0,1,0
344,Kuldeep Singh,315,286,46,40,229,201,57,66,163
345,Lahiru Kuruppu,10,13,0,4,6,4,3,4,6
346,Lakhan Varkiya,0,0,0,0,0,0,0,0,0
347,Lal Mohar Yadav,0,0,0,0,0,0,0,0,0
348,Lalit Chaudhary,9,12,3,2,4,3,3,6,3
349,Lalita,11,0,0,0,11,10,0,0,0
350,Laraswati Ni Putu Dewi,10,17,5,5,0,0,6,6,5
351,Lin Chen Ying,0,0,0,0,0,0,0,0,0
352,Lo Chia Wei,0,3,0,0,0,0,0,0,3
353,Lokesh Kaushik,4,11,2,0,2,2,2,5,4
354,Love Kumar,0,0,0,0,0,0,0,0,0
355,M Mariya Mounika,4,16,4,0,0,0,3,8,5
356,M Suman,3,2,0,1,2,2,1,1,0
357,M V Narendra,0,0,0,0,0,0,0,0,0
358,M. Abishek,1,0,0,0,1,1,0,0,0
359,M. Thivakaran,16,36,10,4,2,2,11,10,15
360,Madhu,0,0,0,0,0,0,0,0,0
361,Mahboobeh Sanchooli,0,0,0,0,0,0,0,0,0
362,Mahender Reddy,0,0,0,0,0,0,0,0,0
363,Mahender Singh,165,19,0,1,164,151,1,2,16
364,Mahendra Ganesh Rajput,119,220,79,16,24,22,71,67,81
365,Mahendra Rajput,97,183,75,15,7,7,68,47,68
366,Mahendra Singh Dhaka,0,0,0,0,0,0,0,0,0
367,Mahesh Goud,212,456,133,33,46,43,135,116,204
368,Mahesh Magdum,7,12,2,5,0,0,5,6,1
369,Mahesh Timmapur,11,21,9,1,1,1,9,7,5
370,Mahipal Narwal,92,169,48,9,35,33,42,45,81
371,Makoto Sawazu,10,21,7,1,2,2,6,6,9
372,Mamtha Poojari,20,59,12,2,6,6,10,11,38
373,Mandeep,0,0,0,0,0,0,0,0,0
374,Mandeep Kumar,10,21,3,2,5,5,2,6,13
375,Mangesh Bhagat,58,81,21,11,26,26,22,27,29
376,Maninder Singh,693,1137,540,107,46,46,532,232,373
377,Manish,51,4,0,1,50,43,0,3,1
378,Manish Kumar,0,0,0,0,0,0,0,0,0
379,Manish Sharma,6,8,5,0,1,1,4,1,3
380,Maniveera Kantha,7,11,6,1,0,0,3,5,3
381,Manjeet,194,364,129,27,38,36,139,91,134
382,Manjeet Chhillar,586,713,189,35,362,346,180,130,401
383,Manjeet Kandola,0,0,0,0,0,0,0,0,0
384,Manjeet Rathi,0,0,0,0,0,0,0,0,0
385,Manoj Dhull,24,0,0,0,24,23,0,0,0
386,Manoj Kumar,86,73,19,6,61,53,16,14,43
387,Manoj Kumar Gora,0,2,0,0,0,0,0,0,2
388,Manpreet Kaur,2,0,0,0,2,2,0,0,0
389,Manpreet Singh,29,107,14,10,5,5,20,16,71
390,Mariano Pascual,30,72,16,11,3,3,22,23,27
391,Masaki Hatakeyama,6,26,6,0,0,0,6,8,12
392,Masayuki Shimokawa,25,60,19,1,5,4,16,14,30
393,Mason Dhani-Ali,0,0,0,0,0,0,0,0,0
394,Masud Karim,3,4,2,1,0,0,2,2,0
395,Mathan Kumar,0,0,0,0,0,0,0,0,0
396,Matias Martinez,6,8,3,1,2,1,3,4,1
397,Matthew Kos,2,5,1,1,0,0,1,1,3
398,Mayur Shivtarkar,33,62,5,4,24,24,7,20,35
399,Md. Arduzzaman Munshi,0,0,0,0,0,0,0,0,0
400,Md. Aruduzzaman Munshi,3,4,2,0,1,1,2,1,1
401,Md. Tuhin Tarafder,0,0,0,0,0,0,0,0,0
402,Md. Zakir Hossain,0,0,0,0,0,0,0,0,0
403,Meenal Jadhav,5,8,1,0,4,3,1,2,5
404,Meisam Abbasi,2,1,0,0,2,2,0,0,1
405,Meraj Sheykh,424,921,318,49,57,51,280,184,457
406,Meredydd Rix,0,0,0,0,0,0,0,0,0
407,Michael Adam Dubery,0,0,0,0,0,0,0,0,0
408,Michal Spiczko,48,48,31,9,8,8,28,11,9
409,Milad Sheibak,5,4,0,0,5,4,0,2,2
410,Milan Nayee,5,18,3,0,2,2,3,3,12
411,Milinda Chathuranga,4,12,1,3,0,0,2,5,5
412,Minal Jadhav,6,19,5,0,1,1,2,9,8
413,Mithin Kumar,3,10,1,2,0,0,2,3,5
414,Mithurshan,0,0,0,0,0,0,0,0,0
415,Mofimondal,9,0,0,0,9,7,0,0,0
416,Mohammad Esmaeil,78,176,39,21,18,13,52,29,95
417,Mohammad Ghorbani,19,22,15,3,1,1,13,2,7
418,Mohammad Maghshoudulu,0,0,0,0,0,0,0,0,0
419,Mohammad Maghsoudlou,15,50,10,4,1,1,9,32,9
420,Mohammad Malak,11,2,1,0,10,10,1,0,1
421,Mohammad Taghi,15,33,12,2,1,1,10,9,14
422,Mohammad Ziaur Rahman,0,0,0,0,0,0,0,0,0
423,Mohammadesmaeil,21,37,15,5,1,1,13,6,18
424,Mohammadtaghi,9,24,8,0,1,1,6,5,13
425,Mohan Raman G,8,9,5,3,0,0,4,4,1
426,Mohana R,0,1,0,0,0,0,0,1,0
427,Mohit,0,0,0,0,0,0,0,0,0
428,Mohit Balyan,0,0,0,0,0,0,0,0,0
429,Mohit Chhillar,272,33,4,3,265,246,3,3,27
430,Mohit Jakhar,0,0,0,0,0,0,0,0,0
431,Mohit Narwal,3,5,1,2,0,0,1,3,1
432,Mohit Sehrawat,16,42,4,1,11,9,4,9,29
433,Mohsen M. Loujafari,4,4,2,2,0,0,4,0,0
434,Mohsen Maghsoudlou,138,267,71,28,39,34,74,65,128
435,Monika Devi,6,27,1,0,5,5,1,4,22
436,Monisha Mete,0,0,0,0,0,0,0,0,0
437,Monu,150,258,61,12,77,66,63,66,129
438,Monu Goyat,524,1031,366,132,26,23,420,239,372
439,More G B,16,45,10,4,2,2,13,15,17
440,More GB,141,279,69,43,29,26,88,75,116
441,Mostafa Noudehi,0,0,0,0,0,0,0,0,0
442,Moti Chandan,10,0,0,0,10,9,0,0,0
443,Mudassar Ali,22,56,15,5,2,2,16,7,33
444,Mudibo Oguta,0,0,0,0,0,0,0,0,0
445,Mugilan,0,0,0,0,0,0,0,0,0
446,Muhammad Imran,8,20,4,0,4,4,4,3,13
447,Muhammad Nadeem,29,60,21,5,3,2,23,11,26
448,Muhammad Nisar,2,10,1,0,1,1,1,4,5
449,Muhammad Rizwan,0,0,0,0,0,0,0,0,0
450,Muhammad Safian,0,0,0,0,0,0,0,0,0
451,Muhammad Tariq,0,1,0,0,0,0,0,1,0
452,Mukesh Jaglan,4,15,4,0,0,0,3,7,5
453,Mula Siva Ganesh Reddy,0,1,0,0,0,0,0,1,0
454,Munish,1,4,0,1,0,0,0,3,1
455,Muruthu M,3,2,0,0,3,3,0,2,0
456,Mustafa,0,0,0,0,0,0,0,0,0
457,Muzammal Hussain,1,1,0,1,0,0,0,1,0
458,N. Renjith,13,0,0,0,13,11,0,0,0
459,N. Shiva Ramakrishna,2,0,0,0,2,1,0,0,0
460,Nabibakhsh,5,11,5,0,0,0,5,3,3
461,Nageshwar Singh,9,22,6,3,0,0,6,5,11
462,Nahuel Lopez,35,64,23,7,5,4,21,21,22
463,Nahuel Villamayor,45,94,33,9,3,2,32,35,27
464,Nahul,0,0,0,0,0,0,0,0,0
465,Namdev Iswalkar,29,28,7,9,13,9,11,3,14
466,Narendar Kumar,0,2,0,0,0,0,0,1,1
467,Narender,42,0,0,0,42,37,0,0,0
468,Narendra Kumar,0,0,0,0,0,0,0,0,0
469,Nasir Ali,8,0,0,0,8,6,0,0,0
470,Naveen,155,302,106,33,16,14,115,77,110
471,Naveen Kumar,352,587,266,80,6,5,299,98,190
472,Naveen Malik,0,0,0,0,0,0,0,0,0
473,Naveen Narwal,1,0,0,0,1,1,0,0,0
474,Navjot Singh,1,0,0,0,1,1,0,0,0
475,Navneet,0,0,0,0,0,0,0,0,0
476,Navneet Gautam,5,6,0,1,4,4,0,1,5
477,Neeraj Kumar,48,5,0,0,48,45,0,2,3
478,Neeraj Narwal,0,4,0,0,0,0,0,3,1
479,Ni Kadek Amiariasti,0,0,0,0,0,0,0,0,0
480,Ni Kadek Ernawati,0,0,0,0,0,0,0,0,0
481,Ni Made Praarthini Samith Santih,1,0,0,0,1,1,0,0,0
482,Nicholas Cunningham,4,17,3,1,0,0,4,9,4
483,Nicholas George Mottram,0,0,0,0,0,0,0,0,0
484,Nicholas Mutua,0,0,0,0,0,0,0,0,0
485,Nick Cunnigham,0,0,0,0,0,0,0,0,0
486,Nikesh Farmah,6,1,0,0,6,6,0,1,0
487,Nilesh Salunke,300,714,176,109,15,13,219,157,338
488,Nilesh Shinde,130,78,6,12,112,100,11,13,54
489,Nirbhay Narwal,2,3,1,0,1,1,1,0,2
490,Nishant Sangwan,4,0,0,0,4,3,0,0,0
491,Nitesh Kumar,189,12,0,3,186,172,0,4,8
492,Nithesh B R,1,0,0,0,1,1,0,0,0
493,Nitin Chaudhary,0,0,0,0,0,0,0,0,0
494,Nitin Kumar,1,2,0,1,0,0,1,1,0
495,Nitin Madane,203,389,123,42,38,37,134,74,181
496,Nitin More,7,0,0,0,7,7,0,0,0
497,Nitin Rawal,162,295,94,28,40,35,92,62,141
498,Nitin Tomar,471,917,330,113,28,24,381,157,379
499,Odhiambo Ogak,24,19,2,2,20,15,4,3,12
500,Ogak Haggai Odhiambo,0,0,0,0,0,0,0,0,0
501,Onkar Jadhav,0,1,0,0,0,0,0,1,0
502,P V Durga Rao,4,10,4,0,0,0,4,5,1
503,Palle Mallikarjun,2,10,2,0,0,0,3,5,2
504,Pandranki Prasad,0,0,0,0,0,0,0,0,0
505,Pankaj,27,7,0,1,26,26,0,4,3
506,Pankaj Mohite,64,122,51,12,1,1,50,31,41
507,Pankaj Singh,3,1,0,0,3,2,0,1,0
508,Pardeep,5,7,4,0,1,1,4,3,0
509,Pardeep Kandola,0,0,0,0,0,0,0,0,0
510,Pardeep Narwal,1125,1901,975,140,10,9,876,431,594
511,Pareekshith Suvarna,3,2,1,1,1,1,1,1,0
512,Parmod Narwal,32,61,17,4,11,11,14,18,29
513,Parveen,32,7,1,2,29,23,1,1,5
514,Parveen Birwal,0,0,0,0,0,0,0,0,0
515,Parveen Kumar,3,2,1,0,2,1,1,1,0
516,Parveen M. Jangra,6,9,1,0,5,5,1,0,8
517,Parveen Narwal,1,2,1,0,0,0,1,1,0
518,Parvesh,12,30,5,2,5,4,5,11,14
519,Parvesh Attri,1,2,1,0,0,0,1,1,0
520,Parvesh Bhainswal,171,1,0,0,171,160,0,0,1
521,Parvinder,0,0,0,0,0,0,0,0,0
522,Patrick Muvai,12,38,8,4,0,0,11,13,14
523,Patryk Dumicz,7,7,4,1,2,2,5,2,0
524,Paul Dykes,0,1,0,0,0,0,0,0,1
525,Pavan Davies,0,0,0,0,0,0,0,0,0
526,Pavan Putti,0,2,0,0,0,0,0,0,2
527,Pavan T. R.,11,0,0,0,11,9,0,0,0
528,Pavithra,0,4,0,0,0,0,0,2,2
529,Pawan Chhillar,0,0,0,0,0,0,0,0,0
530,Pawan Kumar,589,1083,478,91,20,18,443,272,368
531,Pawan Kumar Kadian,67,87,31,12,24,24,32,23,31
532,Pawan Sehrawat,202,303,145,46,11,10,151,86,66
533,Payel Chowdhury,32,63,14,11,7,7,22,17,24
534,Peeradach Jantajam,6,1,0,0,6,4,0,1,0
535,Peijyun Qin,0,0,0,0,0,0,0,0,0
536,Phelix Opana,29,38,12,9,8,7,17,12,9
537,Philip Mottram,2,1,2,0,0,0,1,0,0
538,Phodsawi Sawangyai,5,8,5,0,0,0,4,2,2
539,Phonchoo Tin,0,0,0,0,0,0,0,0,0
540,Phuwanai Wannasaen,19,15,5,2,12,12,6,4,5
541,Piotr Karnowicz,0,1,0,0,0,0,0,1,0
542,Piotr Pamulak,33,67,23,10,0,0,25,19,23
543,Piotr Sitek,2,0,0,0,2,2,0,0,0
544,Ponparthiban Subramanian,18,0,0,0,18,17,0,0,0
545,Pooja Kini,2,8,1,0,1,1,1,2,5
546,Pradeep Kumar,29,49,21,3,5,4,19,11,19
547,Pradnyawati I Gusti Anak Agung,0,5,0,0,0,0,0,3,2
548,Prakash Ramappa,1,5,1,0,0,0,1,2,2
549,Pramod Nagar,1,0,0,0,1,1,0,0,0
550,Pramot Saising,10,26,5,5,0,0,9,12,5
551,Prasad,0,1,0,0,0,0,0,1,0
552,Prashant Chavan,25,16,1,0,24,22,1,1,14
553,Prashant Kumar Rai,31,74,25,6,0,0,21,20,33
554,Prashant Rai K,58,106,46,8,4,3,42,19,45
555,Prashanth Kumar Rai,275,494,184,83,8,6,214,90,190
556,Prateek,5,8,0,3,2,2,1,3,4
557,Pratik Patil,0,0,0,0,0,0,0,0,0
558,Pratiwi W. Ni Komang Isna,6,2,0,0,6,4,0,0,2
559,Praveen Kumar,0,0,0,0,0,0,0,0,0
560,Pravin Niwale,68,120,57,5,6,6,43,23,54
561,Preetam Chhillar,42,71,12,3,27,27,9,12,50
562,Priyanka Negi,1,9,0,1,0,0,1,5,3
563,Punit Kumar Teotia,7,8,1,2,4,4,2,4,2
564,Purna Singh,4,12,3,1,0,0,3,3,6
565,Pushpakumara Madushan,0,4,0,0,0,0,0,2,2
566,Puspasari Ni Ketut,4,4,2,0,2,1,1,1,2
567,Qaisir Abbas,5,5,0,0,5,4,0,3,2
568,R Nagaraju,1,2,0,0,1,1,0,2,0
569,R Suresh Kumar,21,28,14,7,0,0,16,2,10
570,R. Sriram,36,89,30,5,1,1,29,29,31
571,Rafael Acevedo,12,6,0,0,12,11,0,1,5
572,Raheleh Naderi,0,0,0,0,0,0,0,0,0
573,Rahul Chaudhari,1082,2033,822,164,96,92,827,392,813
574,Rahul Choudhary,6,17,5,0,1,1,5,7,5
575,Rahul Kumar,22,1,0,0,22,20,0,0,1
576,Rahul Mawane,0,0,0,0,0,0,0,0,0
577,Rajaguru Subramanian,36,7,0,1,35,33,0,1,6
578,Rajat Bobade,11,19,11,0,0,0,6,8,5
579,Rajeev Kumar,4,0,0,0,4,4,0,0,0
580,Rajesh Dhiman,6,7,3,0,3,3,3,2,2
581,Rajesh Manokaran,0,0,0,0,0,0,0,0,0
582,Rajesh Mondal,295,793,239,22,34,34,219,207,366
583,Rajesh Narwal,411,761,233,59,119,111,232,150,379
584,Rajnish,27,71,12,14,1,1,23,19,29
585,Raju Lal Choudhary,21,0,0,0,21,21,0,0,0
586,Rakesh,0,0,0,0,0,0,0,0,0
587,Rakesh Bharadwaj,19,6,0,0,19,17,0,1,5
588,Rakesh Gowda,16,29,6,5,5,3,9,6,14
589,Rakesh Kumar,273,493,148,38,87,81,166,71,256
590,Rakesh Narwal,55,141,42,10,3,3,37,29,75
591,Rakesh Singh Kumar,28,11,1,0,27,26,1,0,10
592,Raksha Narkar,4,2,0,0,4,4,0,1,1
593,Rakshith,28,62,24,2,2,2,23,21,18
594,Ram Dyal,2,0,0,0,2,2,0,0,0
595,Ram Kumar Sah,4,7,2,1,1,1,3,2,2
596,Ramanjeet Singh,0,0,0,0,0,0,0,0,0
597,Ramesh Kumar,0,0,0,0,0,0,0,0,0
598,Ran Singh,297,227,59,37,201,191,70,44,113
599,Randeep Kaur Khehra,20,31,19,1,0,0,15,4,12
600,Ranidu Chamara,0,0,0,0,0,0,0,0,0
601,Rashid Shaikh,10,0,0,0,10,8,0,0,0
602,Rasmita Sahoo,1,6,1,0,0,0,1,3,2
603,Ravi Dalal,225,434,125,48,52,52,139,89,205
604,Ravi Deswal,11,2,1,1,9,8,1,1,0
605,Ravi Kumar,143,34,0,0,143,125,0,4,30
606,Ravi V.,8,13,6,2,0,0,5,4,4
607,Ravinandan G.M.,1,0,0,0,1,1,0,0,0
608,Ravinder,4,2,0,0,4,3,0,2,0
609,Ravinder Kumar,12,1,1,1,10,9,1,0,0
610,Ravinder Pahal,277,56,6,7,264,248,7,8,41
611,Ravinder Singh Pahal,7,2,1,0,6,3,1,0,1
612,Ravindra Kumawat,0,3,0,0,0,0,0,1,2
613,Ravindra Ramesh Kumavat,3,8,2,0,1,1,2,3,3
614,Ravindra Ramesh Kumawat,44,98,34,5,5,5,32,23,43
615,Ravit Kumar,2,1,1,0,1,1,1,0,0
616,Remy Kumari,0,2,0,0,0,0,0,1,1
617,Rinju K,13,16,12,1,0,0,9,3,4
618,Rinku Narwal,85,17,1,1,83,76,2,2,13
619,Rishank Devadiga,691,1288,482,133,76,74,492,327,469
620,Rittichai Jaisai,4,4,4,0,0,0,2,2,0
621,Ritu Negi,18,7,1,0,17,16,1,2,4
622,Rohit,4,5,2,2,0,0,3,2,0
623,Rohit Baliyan,292,596,167,96,29,27,218,113,265
624,Rohit Gulia,172,492,122,40,10,10,141,114,237
625,Rohit Kumar,702,1397,527,134,41,39,555,292,550
626,Rohit Kumar Chaudhary,16,48,12,4,0,0,11,15,22
627,Rohit Kumar Choudary,80,246,66,11,3,3,53,67,126
628,Rohit Kumar Prajapat,1,10,0,0,1,1,0,3,7
629,Rohit Rana,104,15,1,1,102,98,1,5,9
630,Roman Cesaro,7,1,0,1,6,5,0,1,0
631,Romanuzzaman,4,2,2,0,2,2,2,0,0
632,Ronald Fields,7,23,2,0,5,4,2,10,11
633,Roya Davoudiankhan,4,0,0,0,4,4,0,0,0
634,Ruhul Amin,1,2,0,1,0,0,0,2,0
635,Rupesh Tomar,15,17,5,0,10,8,4,4,9
636,Ruturaj Koravi,53,3,0,0,53,50,0,0,3
637,Ryan Jones,2,6,0,1,1,1,1,4,1
638,S Mahalingam,14,0,0,0,14,12,0,0,0
639,S. M. Al Mamun,13,14,11,1,1,1,10,3,1
640,Sabuj Mia,27,15,6,0,21,21,5,2,8
641,Sachin,380,667,296,56,28,25,302,155,210
642,Sachin Khambe,31,18,4,1,26,22,5,2,11
643,Sachin Kumar,79,110,24,2,53,49,21,17,72
644,Sachin Narwal,11,29,8,2,1,1,8,5,16
645,Sachin Poovaiah,1,0,0,0,1,1,0,0,0
646,Sachin Shingade,104,4,2,0,102,92,1,1,2
647,Sachin Tanwar,65,150,55,9,1,1,50,38,62
648,Sachin V.,11,32,10,1,0,0,9,5,18
649,Sachin Vittala,28,5,1,2,25,24,2,1,2
650,Saeid Ghaffari,28,27,12,3,13,13,13,5,9
651,Saeideh Jafarikoochi,0,1,0,0,0,0,0,1,0
652,Sagar,9,1,0,0,9,8,0,1,0
653,Sagar B. Krishna,7,0,0,0,7,7,0,0,0
654,Sagar Kale,0,0,0,0,0,0,0,0,0
655,Sagar Khatale,4,0,0,0,4,4,0,0,0
656,Sagar Krishna,57,19,1,0,56,52,1,2,16
657,Sagar Singh,5,9,5,0,0,0,4,2,3
658,Sahil,0,0,0,0,0,0,0,0,0
659,Saja Aslam,0,4,0,0,0,0,0,2,2
660,Sajjad Shaukat,6,12,6,0,0,0,5,4,3
661,Sakshi Kumari,37,66,16,3,18,18,12,10,44
662,Samarjeet Singh,15,28,2,1,12,10,2,7,19
663,Samira Atarodian,0,0,0,0,0,0,0,0,0
664,Sampath Ishara,0,2,0,0,0,0,0,1,1
665,Sampath Lahiru,2,0,0,0,2,1,0,0,0
666,Sandaruwan Asiri,6,2,0,1,5,3,0,1,1
667,Sandeep,99,26,12,6,81,73,11,8,7
668,Sandeep Chhillar,7,0,0,0,7,7,0,0,0
669,Sandeep Dhull,191,7,1,2,188,171,1,3,3
670,Sandeep Hooda,4,1,1,0,3,3,1,0,0
671,Sandeep Kharb,3,1,0,0,3,3,0,0,1
672,Sandeep Kumar,4,9,3,1,0,0,3,5,1
673,Sandeep Malik,2,0,0,0,2,1,0,0,0
674,Sandeep Narwal,573,739,222,34,317,296,202,100,436
675,Sandeep Tomar,2,9,2,0,0,0,2,3,4
676,Sanjay Kumar,16,47,12,3,1,1,9,15,23
677,Sanjay Sharma,0,0,0,0,0,0,0,0,0
678,Sanjay Shrestha,0,0,0,0,0,0,0,0,0
679,Sanjaya Dilan,3,1,0,1,2,2,1,0,0
680,Sanju,1,0,0,0,1,1,0,0,0
681,Sanket Chavan,15,3,0,0,15,15,0,0,3
682,Sanket Sawant,7,0,0,0,7,7,0,0,0
683,Sanoj Kumar,3,2,2,0,1,1,2,0,0
684,Santhapanaselvam,37,1,0,0,37,35,0,0,1
685,Santhosh B.S,12,18,3,0,9,8,1,6,11
686,Santi Bunchoet,24,50,16,7,1,1,17,16,17
687,Sarawut Hopet,7,12,0,1,6,6,2,4,6
688,Sarun Das,0,0,0,0,0,0,0,0,0
689,Sasithon Rungsawang,6,11,3,0,3,3,2,5,4
690,Satender,0,0,0,0,0,0,0,0,0
691,Satish,3,1,0,0,3,3,0,0,1
692,Satish Kumar,1,3,1,0,0,0,1,2,0
693,Satnam Singh,13,14,13,0,0,0,6,6,2
694,Satpal,43,9,0,5,38,32,0,5,4
695,Satywan,1,0,0,0,1,1,0,0,0
696,Saurabh Nandal,37,1,1,0,36,31,1,0,0
697,Saurav Kumar,0,0,0,0,0,0,0,0,0
698,Savita,0,2,0,0,0,0,0,2,0
699,Sayali Sanjay Keripale,3,5,2,1,0,0,3,2,0
700,Sebastian Canencia,16,5,0,2,14,13,0,4,1
701,Sebastian Desocio,0,0,0,0,0,0,0,0,0
702,Sedigheh Jafari,3,13,3,0,0,0,2,3,8
703,Selvamani K,155,353,108,41,6,6,108,74,171
704,Seong Ryeol Kim,20,18,4,1,15,13,3,7,8
705,Shabeer Bappu,196,497,126,40,30,24,135,79,282
706,Shabeer Bapu,47,124,41,5,1,1,36,25,63
707,Shadloui Chianeh,20,7,5,2,13,13,4,1,2
708,Shalini Pathak,0,0,0,0,0,0,0,0,0
709,Shashank Wankhede,7,15,3,2,2,2,2,5,8
710,Shazid Hossain,0,0,0,0,0,0,0,0,0
711,Shingo Saito,5,2,0,0,5,5,0,1,1
712,Shiv Om,0,0,0,0,0,0,0,0,0
713,Shota Miura,4,0,0,0,4,4,0,0,0
714,Shrestha Sanjay,0,0,0,0,0,0,0,0,0
715,Shrikant Jadhav,345,735,263,62,20,17,260,204,271
716,Shrikant Tewthia,170,205,57,21,92,84,66,54,85
717,Shubham Ashok Palkar,9,37,8,1,0,0,8,13,16
718,Shubham Shinde,30,19,1,0,29,24,1,2,16
719,Shyam Kumar Sah,44,40,16,1,27,26,11,15,14
720,Siddharth Desai,337,525,271,60,6,6,273,130,122
721,Sidharth,31,33,3,1,27,24,3,7,23
722,Simon Kibura,9,17,8,0,1,1,7,4,6
723,Simon Maina Kibura,1,3,1,0,0,0,1,2,0
724,Sinotharan Kanesharajah,5,8,4,1,0,0,2,1,5
725,Soleiman Pahlevani,14,3,2,0,12,12,2,0,1
726,Sombir,40,0,0,0,40,34,0,0,0
727,Sombir Kaliraman,4,8,3,1,0,0,3,2,3
728,Somboon Asa,0,0,0,0,0,0,0,0,0
729,Someshwar Kalia,38,56,18,10,10,9,25,11,20
730,Somvir,22,2,0,1,21,20,0,1,1
731,Somvir Shekhar,87,3,1,0,86,82,1,1,1
732,Sonali Ingale,15,1,1,0,14,13,1,0,0
733,Sonali Shingate,22,64,14,7,1,1,17,23,24
734,Sonu,32,67,27,1,4,3,21,17,29
735,Sonu Narwal,133,285,107,26,0,0,113,81,91
736,Sonu S S K,14,6,3,3,8,8,4,2,0
737,Ssuchin Huang,0,1,0,0,0,0,0,1,0
738,Stephen Milne,1,13,1,0,0,0,2,7,4
739,Subhash Narwal,0,0,0,0,0,0,0,0,0
740,Sudhanshu Tyagi,4,0,0,0,4,4,0,0,0
741,Suhas Vagare,7,4,0,0,7,7,0,0,4
742,Sujit  Maharana,0,5,0,0,0,0,0,2,3
743,Sujit Maharana,0,3,0,0,0,0,0,1,2
744,Sukesh Hegde,417,923,307,76,34,32,288,151,484
745,Sulieman Kabir,17,35,15,2,0,0,14,13,8
746,Sultan Dange,0,0,0,0,0,0,0,0,0
747,Sumit,65,6,1,1,63,62,1,1,4
748,Sumit Kumar,0,1,0,0,0,0,0,0,1
749,Sumit Singh,47,107,16,22,9,7,28,32,47
750,Sumitra Sharma,3,8,3,0,0,0,1,5,2
751,SumitÃ‚Â Dhaiya,0,0,0,0,0,0,0,0,0
752,Sunil,116,10,0,0,116,114,0,3,7
753,Sunil Hanumanthappa,4,5,1,1,2,2,1,2,2
754,Sunil Jaglan,4,10,3,1,0,0,4,2,4
755,Sunil Jaipal,175,289,100,18,57,52,84,60,145
756,Sunil Kumar,284,127,32,8,244,227,21,18,88
757,Sunil Shivtarkar,3,1,0,1,2,2,0,1,0
758,Sunil Siddhgavali,65,19,5,0,60,53,4,2,13
759,Sunil Subhash Lande,3,4,2,0,1,1,1,1,2
760,Sunny,1,11,0,1,0,0,0,4,7
761,Sunny Malik,9,6,4,2,3,2,4,0,2
762,Suraj Desai,44,101,28,15,1,1,36,29,36
763,Surender Dahiya,0,0,0,0,0,0,0,0,0
764,Surender Gill,37,105,28,3,6,5,26,27,52
765,Surender Nada,227,88,18,4,205,192,16,8,64
766,Surender Singh,180,229,57,42,81,77,68,71,90
767,Surendra Singh,45,107,26,18,1,1,34,28,45
768,Suresh Kumar,29,56,17,9,3,3,16,15,25
769,Suresh Pathapalem,0,0,0,0,0,0,0,0,0
770,Suresu Kumar,39,86,27,4,8,8,26,29,31
771,Surinder Singh,84,7,4,0,80,80,1,2,4
772,Surjeet,117,11,1,0,116,111,1,0,10
773,Surjeet Narwal,212,405,153,7,52,52,135,80,188
774,Surjeet Singh,382,563,125,69,188,176,152,127,284
775,Surya Chandar T,1,3,0,1,0,0,1,2,0
776,Sushant Sail,8,21,6,2,0,0,6,10,5
777,Sushil Gulia,12,21,11,1,0,0,8,8,5
778,Sushil Vijay Bhosale,2,0,0,0,2,2,0,0,0
779,Sushil Vijay Bhosle,0,0,0,0,0,0,0,0,0
780,Suvarna Bartakke,4,2,0,0,4,4,0,0,2
781,Suyog Rajapkar,0,0,0,0,0,0,0,0,0
782,Swapnil Dilip Shinde,0,0,0,0,0,0,0,0,0
783,Swapnil Shinde,13,0,0,0,13,13,0,0,0
784,T. Prabhakaran,0,0,0,0,0,0,0,0,0
785,T. Prasad,5,5,0,0,5,5,0,3,2
786,Tae Beom Kim,19,35,14,4,1,1,13,9,13
787,Tae Deok Eom,37,47,12,6,19,19,12,16,19
788,Takamitsu Kono,21,4,2,0,19,17,2,0,2
789,Takuya Kikuchi,2,3,2,0,0,0,2,1,0
790,Tanjil Hossain,2,3,2,0,0,0,2,0,1
791,Tapas Pal,10,0,0,0,10,10,0,0,0
792,Teerasak Khunsan,3,0,0,0,3,3,0,0,0
793,Tejash Depala,20,2,1,1,18,15,2,0,0
794,Tejeswini Bai,11,54,8,2,1,1,7,6,41
795,Terukazu Nitta,7,8,2,3,2,2,4,3,1
796,Tetsuro Abe,12,1,0,0,12,12,0,1,0
797,Thomas Sharp,21,42,17,3,1,1,16,12,14
798,Tin Phonchoo,23,22,4,2,17,17,5,6,11
799,Tomczak Krzysztof,5,0,0,0,5,5,0,0,0
800,Tope Adewalure,55,69,45,6,4,4,39,15,15
801,Troy Bacon,23,45,14,8,1,1,15,17,13
802,Tuhin Tarafder,30,38,23,0,7,7,21,4,13
803,Tushar Bhoir,3,0,0,0,3,2,0,0,0
804,Tushar Patil,139,320,100,35,4,4,109,93,118
805,Twaney Harding,0,0,0,0,0,0,0,0,0
806,Umesh Mhatre,28,67,15,4,9,7,16,15,36
807,Usha Rani Narasimhaiah,0,1,0,0,0,0,0,1,0
808,Usha rani,0,0,0,0,0,0,0,0,0
809,Usharani,0,2,0,0,0,0,0,2,0
810,V. Ajith Kumar,58,102,50,8,0,0,50,29,23
811,V. Satyanarayana,0,0,0,0,0,0,0,0,0
812,Vaibhav Kadam,0,0,0,0,0,0,0,0,0
813,Vaibhav Kale,0,0,0,0,0,0,0,0,0
814,Varinder Singh,5,0,0,0,5,5,0,0,0
815,Vasanth,0,0,0,0,0,0,0,0,0
816,Venkatesh R,4,0,0,0,4,4,0,0,0
817,Venkatesha,0,5,0,0,0,0,0,2,3
818,Victor Obiero,27,45,18,5,4,4,16,15,14
819,Vijay,159,234,58,43,58,54,80,38,116
820,Vijay Kumar,15,9,2,1,12,9,1,1,7
821,Vijay Malik,5,22,5,0,0,0,4,9,9
822,Vijay Rajput,0,1,0,0,0,0,0,0,1
823,Vijaya Prabakar,0,0,0,0,0,0,0,0,0
824,Vijendar Singh,0,0,0,0,0,0,0,0,0
825,Vijender Singh,0,0,0,0,0,0,0,0,0
826,Vijendra Singh,11,3,0,1,10,9,0,2,1
827,Vijin Thangadurai,32,5,0,0,32,27,0,2,3
828,Vikas,62,88,22,8,32,29,26,27,35
829,Vikas Chhillar,1,2,1,0,0,0,1,1,0
830,Vikas Chowdary,0,0,0,0,0,0,0,0,0
831,Vikas Jaglan,70,107,22,17,31,31,25,23,59
832,Vikas Kale,90,11,0,0,90,83,0,1,10
833,Vikas Kandola,45,107,34,11,0,0,34,24,49
834,Vikas Kumar,0,0,0,0,0,0,0,0,0
835,Vikas Tomar,0,1,0,0,0,0,0,0,1
836,Vikash,5,0,0,0,5,5,0,0,0
837,Vikash Kandola,107,216,91,12,4,4,86,39,91
838,Vikash Khandola,200,408,144,51,5,5,160,91,157
839,Vikash Khatri,9,6,0,1,8,6,1,2,3
840,Vikash Kumar,6,17,3,3,0,0,4,6,7
841,Vikram Kandola,1,1,0,0,1,1,0,0,1
842,Vikrant,3,5,1,2,0,0,1,3,1
843,Vilam Singh,0,0,0,0,0,0,0,0,0
844,Vimal Raj,0,0,0,0,0,0,0,0,0
845,Vimal Raj V,2,10,2,0,0,0,2,4,4
846,Vinay,57,125,45,8,4,4,39,27,59
847,Vinay Kumar,0,0,0,0,0,0,0,0,0
848,Vineet Kumar,30,104,6,10,14,13,16,14,74
849,Vineet Sharma,31,107,16,5,10,9,18,27,62
850,Vinka D. Desak Gede Indah,1,5,0,1,0,0,0,3,2
851,Vinod,26,1,0,0,26,26,0,1,0
852,Vinod Atyalkar,0,2,0,0,0,0,0,2,0
853,Vinod Kumar,186,351,82,32,72,63,85,84,182
854,Vinod Paulyas,0,0,0,0,0,0,0,0,0
855,Vinoth Kumar,29,87,22,7,0,0,24,31,32
856,Vinoth Paulyas,2,10,2,0,0,0,2,3,5
857,Vipin,0,0,0,0,0,0,0,0,0
858,Vipin Malik,12,34,10,0,2,2,8,7,19
859,Vipul Mokal,5,0,0,0,5,5,0,0,0
860,Vir Singh Yadav,0,1,0,0,0,0,0,0,1
861,Viraj Vishnu Landge,28,0,0,0,28,28,0,0,0
862,Virender,8,11,5,3,0,0,3,6,2
863,Virender Singh,0,0,0,0,0,0,0,0,0
864,Virender Wazir Singh,7,17,5,1,1,1,4,5,8
865,Vishal,53,21,4,1,48,40,4,4,13
866,Vishal Bharadwaj,7,1,1,0,6,6,1,0,0
867,Vishal Bhardwaj,189,57,0,0,189,168,0,1,56
868,Vishal Mane,147,3,2,1,144,136,1,1,1
869,Vishal Nain,1,14,1,0,0,0,1,4,9
870,Vishal Prabhakar Mane,26,0,0,0,26,26,0,0,0
871,Vishav Chaudhary,2,11,1,1,0,0,1,4,6
872,Vishnu Uthaman,1,9,0,0,1,1,0,5,4
873,Vivek Bhoite,0,0,0,0,0,0,0,0,0
874,Wahyuni Kadek Candra,0,0,0,0,0,0,0,0,0
875,Wajid Ali,5,5,3,1,1,1,3,1,1
876,Waleed Al Hasani,28,23,12,2,14,14,10,13,0
877,Waqar Ali,5,11,5,0,0,0,3,2,6
878,Warit Songsri,1,4,1,0,0,0,1,2,1
879,Wasim Sajjad,8,2,0,0,8,8,0,2,0
880,Wazir Singh,337,624,220,58,59,57,227,125,271
881,Wei Hung Lin,0,0,0,0,0,0,0,0,0
882,Wei Yang,2,3,0,0,2,2,0,2,1
883,Worawut Chuaikoed,0,0,0,0,0,0,0,0,0
884,Yahan Chuang,0,1,0,0,0,0,0,0,1
885,Yashwant Bishnoi,0,2,0,0,0,0,0,1,1
886,Yasushi Nakajo,5,7,5,0,0,0,5,1,1
887,Yatharth,11,1,0,0,11,10,0,0,1
888,Yiyun Huang,0,1,0,0,0,0,0,1,0
889,Yogesh Hooda,37,109,17,10,10,10,22,35,52
890,Yogesh Hudda,13,31,10,2,1,1,11,9,11
891,Yogesh Navale,0,0,0,0,0,0,0,0,0
892,Yogesh Subhash Sawant,0,0,0,0,0,0,0,0,0
893,Yong Joo Ok,14,4,3,0,11,11,3,0,1
894,Yosuke Sasaki,2,5,1,1,0,0,1,2,2
895,Young Chang Ko,54,4,4,0,50,41,2,0,2
896,Yuchen Hu,1,3,0,1,0,0,0,1,2
897,Yufen Lin,1,4,0,1,0,0,0,3,1
898,Yujung Wu,2,1,0,0,2,1,0,0,1
899,Yungting Chen,0,0,0,0,0,0,0,0,0
900,Yuten Kawate,4,5,2,2,0,0,4,1,0
901,Yutzu Liao,0,1,0,0,0,0,0,0,1
902,Yuvraj Pandeya,0,0,0,0,0,0,0,0,0
903,Zahra Abbasi,0,0,0,0,0,0,0,0,0
904,Zahra Karimi,0,0,0,0,0,0,0,0,0
905,Zakir Hossain,7,21,5,1,1,1,4,5,12
906,Ziaur Rahman,48,7,2,2,44,42,3,3,1
